,country_sym,week,dam_inflow_MWh,pump_inflow_MWh
0,AT,w1,7877.815032,23988.20792
1,AT,w2,6998.9391669999995,21312.00178
2,AT,w3,6172.357427999999,18795.03298
3,AT,w4,5962.833567,18157.025879999997
4,AT,w5,5982.420972,18216.67018
5,AT,w6,6032.313123,18368.59343
6,AT,w7,6620.789332,20160.52299
7,AT,w8,8167.378233999999,24869.93747
8,AT,w9,10354.5987,31530.096289999998
9,AT,w10,12582.12412,38312.98503
10,AT,w11,14498.275469999999,44147.72941
11,AT,w12,15860.508749999999,48295.77491
12,AT,w13,16852.37078,51316.027669999996
13,AT,w14,17811.456589999998,54236.47575
14,AT,w15,19504.49545,59391.835210000005
15,AT,w16,23888.69551,72741.86972
16,AT,w17,30964.05675,94286.57927
17,AT,w18,38773.371060000005,118066.20019999999
18,AT,w19,46501.60024,141598.9142
19,AT,w20,53629.79956,163304.51750000002
20,AT,w21,59986.5319,182660.97819999998
21,AT,w22,65988.80645,200938.1031
22,AT,w23,71936.09182999999,219047.7843
23,AT,w24,76134.49957,231832.075
24,AT,w25,76526.52655,233025.8102
25,AT,w26,73958.03516,225204.6687
26,AT,w27,70989.47372000001,216165.3008
27,AT,w28,68292.99943,207954.4472
28,AT,w29,66594.17805,202781.4797
29,AT,w30,65893.00957000001,200646.3985
30,AT,w31,65463.92824,199339.8316
31,AT,w32,64974.262460000005,197848.7831
32,AT,w33,63799.99241,194273.0918
33,AT,w34,61601.845160000004,187579.6606
34,AT,w35,58828.14564,179133.6536
35,AT,w36,56020.53102,170584.374
36,AT,w37,52789.039529999995,160744.3753
37,AT,w38,48387.35806,147341.1093
38,AT,w39,42945.91025,130771.72039999999
39,AT,w40,37301.581210000004,113584.5513
40,AT,w41,31905.51537,97153.35197
41,AT,w42,27781.7985,84596.49740000001
42,AT,w43,25090.02837,76399.96813000001
43,AT,w44,22916.95103,69782.87557
44,AT,w45,20756.8065,63205.16386
45,AT,w46,18758.1533,57119.19863
46,AT,w47,17046.78469,51908.02448
47,AT,w48,15527.50577,47281.76982
48,AT,w49,14026.27018,42710.457650000004
49,AT,w50,12647.20934,38511.171689999996
50,AT,w51,11605.43438,35338.93241
51,AT,w52,10894.374609999999,33173.73182
52,AT,w53,1521.680171,4633.566564
53,BE,w1,0.0,0.0
54,BE,w2,0.0,0.0
55,BE,w3,0.0,0.0
56,BE,w4,0.0,0.0
57,BE,w5,0.0,0.0
58,BE,w6,0.0,0.0
59,BE,w7,0.0,0.0
60,BE,w8,0.0,0.0
61,BE,w9,0.0,0.0
62,BE,w10,0.0,0.0
63,BE,w11,0.0,0.0
64,BE,w12,0.0,0.0
65,BE,w13,0.0,0.0
66,BE,w14,0.0,0.0
67,BE,w15,0.0,0.0
68,BE,w16,0.0,0.0
69,BE,w17,0.0,0.0
70,BE,w18,0.0,0.0
71,BE,w19,0.0,0.0
72,BE,w20,0.0,0.0
73,BE,w21,0.0,0.0
74,BE,w22,0.0,0.0
75,BE,w23,0.0,0.0
76,BE,w24,0.0,0.0
77,BE,w25,0.0,0.0
78,BE,w26,0.0,0.0
79,BE,w27,0.0,0.0
80,BE,w28,0.0,0.0
81,BE,w29,0.0,0.0
82,BE,w30,0.0,0.0
83,BE,w31,0.0,0.0
84,BE,w32,0.0,0.0
85,BE,w33,0.0,0.0
86,BE,w34,0.0,0.0
87,BE,w35,0.0,0.0
88,BE,w36,0.0,0.0
89,BE,w37,0.0,0.0
90,BE,w38,0.0,0.0
91,BE,w39,0.0,0.0
92,BE,w40,0.0,0.0
93,BE,w41,0.0,0.0
94,BE,w42,0.0,0.0
95,BE,w43,0.0,0.0
96,BE,w44,0.0,0.0
97,BE,w45,0.0,0.0
98,BE,w46,0.0,0.0
99,BE,w47,0.0,0.0
100,BE,w48,0.0,0.0
101,BE,w49,0.0,0.0
102,BE,w50,0.0,0.0
103,BE,w51,0.0,0.0
104,BE,w52,0.0,0.0
105,BE,w53,0.0,0.0
106,BG,w1,39138.41281,7645.805937
107,BG,w2,35730.097290000005,7916.5305960000005
108,BG,w3,39156.43406,8094.301005
109,BG,w4,44479.50874,8483.289799
110,BG,w5,49510.08079,11347.63809
111,BG,w6,50366.03439,11557.20349
112,BG,w7,43871.085399999996,7725.78549
113,BG,w8,40329.20302,7924.358380000001
114,BG,w9,43139.043970000006,5855.003323
115,BG,w10,44583.47782,2028.809314
116,BG,w11,33954.60419,2136.573745
117,BG,w12,32838.67611,2253.4775520000003
118,BG,w13,29613.64845,1594.896297
119,BG,w14,26899.42866,1534.230599
120,BG,w15,32535.626229999998,2037.8699949999998
121,BG,w16,31074.11754,2740.2507379999997
122,BG,w17,19950.125409999997,2821.061256
123,BG,w18,24961.30733,2871.2941349999996
124,BG,w19,15139.27099,2864.6692869999997
125,BG,w20,19855.48173,3084.713757
126,BG,w21,33851.44277,8866.701526
127,BG,w22,36744.89139,11122.80798
128,BG,w23,40754.895580000004,12110.89898
129,BG,w24,46721.42135,12343.44797
130,BG,w25,65383.85555000001,16344.99159
131,BG,w26,73856.46205,21138.11757
132,BG,w27,75981.19717,20371.11111
133,BG,w28,70402.52803,27459.24526
134,BG,w29,66902.70215,21946.15412
135,BG,w30,61764.151679999995,18317.55733
136,BG,w31,62989.63001,22332.15572
137,BG,w32,57437.04634,14534.421849999999
138,BG,w33,52204.11106,11359.899179999999
139,BG,w34,48616.833849999995,10430.01256
140,BG,w35,48982.51079,10254.82058
141,BG,w36,48313.09021,10020.83742
142,BG,w37,47116.85759,9987.407846
143,BG,w38,46410.582689999996,9601.89956
144,BG,w39,44663.63947,10712.4682
145,BG,w40,46362.42938,9491.122071
146,BG,w41,33859.26054,3102.072034
147,BG,w42,43376.26926,6191.142516
148,BG,w43,36551.1184,4253.57082
149,BG,w44,38170.11114,6853.43042
150,BG,w45,40580.44439,6534.882233
151,BG,w46,36325.13826,6926.3037509999995
152,BG,w47,31256.15041,7127.770848
153,BG,w48,39978.316679999996,10240.42414
154,BG,w49,15788.12928,604.797158
155,BG,w50,24783.78908,1141.642759
156,BG,w51,31148.79121,1305.740841
157,BG,w52,33502.33536,1063.024217
158,BG,w53,39495.65277,1094.644043
159,CH,w1,123041.0482,0.0
160,CH,w2,115576.6054,0.0
161,CH,w3,108112.16260000001,0.0
162,CH,w4,100647.7198,0.0
163,CH,w5,93183.27699,0.0
164,CH,w6,85718.83416999999,0.0
165,CH,w7,83966.17508999999,0.0
166,CH,w8,102775.9375,0.0
167,CH,w9,123299.235,0.0
168,CH,w10,143822.5324,0.0
169,CH,w11,164345.8299,0.0
170,CH,w12,184869.1274,0.0
171,CH,w13,204802.60770000002,0.0
172,CH,w14,205272.1203,0.0
173,CH,w15,196894.3747,0.0
174,CH,w16,235844.8766,0.0
175,CH,w17,310291.5641,0.0
176,CH,w18,384738.2516,0.0
177,CH,w19,459184.9391,0.0
178,CH,w20,542116.5612,0.0
179,CH,w21,655593.9482,0.0
180,CH,w22,771616.8156,0.0
181,CH,w23,887639.683,0.0
182,CH,w24,993487.9267,0.0
183,CH,w25,977240.6866,0.0
184,CH,w26,927078.0342,0.0
185,CH,w27,876915.3819,0.0
186,CH,w28,826752.7296,0.0
187,CH,w29,791793.4719,0.0
188,CH,w30,768236.7601,0.0
189,CH,w31,744680.0482999999,0.0
190,CH,w32,721123.3366,0.0
191,CH,w33,693534.6905,0.0
192,CH,w34,651431.0808,0.0
193,CH,w35,608117.8909,0.0
194,CH,w36,564804.7008999999,0.0
195,CH,w37,520185.1703,0.0
196,CH,w38,459889.5523,0.0
197,CH,w39,395239.4656,0.0
198,CH,w40,330589.3789,0.0
199,CH,w41,265939.2922,0.0
200,CH,w42,227363.80479999998,0.0
201,CH,w43,223554.45,0.0
202,CH,w44,219745.0952,0.0
203,CH,w45,215935.7403,0.0
204,CH,w46,206215.9797,0.0
205,CH,w47,175218.758,0.0
206,CH,w48,142448.41460000002,0.0
207,CH,w49,109678.0712,0.0
208,CH,w50,76907.72784,0.0
209,CH,w51,44137.38445,0.0
210,CH,w52,11367.04106,0.0
211,CH,w53,11367.04106,0.0
212,CZ,w1,6362.0,0.0
213,CZ,w2,6300.0,220.0
214,CZ,w3,7000.0,463.0
215,CZ,w4,8825.0,585.0
216,CZ,w5,9606.0,676.0
217,CZ,w6,10248.0,768.0
218,CZ,w7,9520.0,891.0
219,CZ,w8,8326.0,1116.0
220,CZ,w9,9070.0,203.0
221,CZ,w10,11508.0,0.0
222,CZ,w11,12191.0,591.0
223,CZ,w12,12941.0,890.0
224,CZ,w13,16318.000000000002,906.0
225,CZ,w14,6626.0,878.0
226,CZ,w15,1342.0,565.0
227,CZ,w16,721.0,214.0
228,CZ,w17,6898.0,551.0
229,CZ,w18,17661.0,0.0
230,CZ,w19,25440.0,0.0
231,CZ,w20,20521.0,116.0
232,CZ,w21,9046.0,143.0
233,CZ,w22,806.0,0.0
234,CZ,w23,152.0,88.0
235,CZ,w24,109.0,43.0
236,CZ,w25,560.0,207.0
237,CZ,w26,1352.0,251.0
238,CZ,w27,837.0,0.0
239,CZ,w28,2287.0,256.0
240,CZ,w29,2732.0,370.0
241,CZ,w30,3487.0,415.0
242,CZ,w31,12390.0,0.0
243,CZ,w32,7722.0,183.0
244,CZ,w33,6437.0,144.0
245,CZ,w34,6683.0,311.0
246,CZ,w35,7160.0,448.0
247,CZ,w36,5590.0,155.0
248,CZ,w37,7215.0,420.0
249,CZ,w38,10366.0,285.0
250,CZ,w39,9236.0,110.0
251,CZ,w40,9841.0,133.0
252,CZ,w41,6913.0,76.0
253,CZ,w42,7459.0,0.0
254,CZ,w43,9038.0,188.0
255,CZ,w44,9198.0,0.0
256,CZ,w45,13934.0,0.0
257,CZ,w46,19476.0,0.0
258,CZ,w47,20808.0,0.0
259,CZ,w48,16193.999999999998,0.0
260,CZ,w49,13144.0,0.0
261,CZ,w50,8884.0,0.0
262,CZ,w51,5309.0,0.0
263,CZ,w52,5966.0,1.0
264,CZ,w53,10058.0,0.0
265,DE,w1,1681.621194,6262.115002
266,DE,w2,860.312402,5163.993359
267,DE,w3,4675.8947370000005,8541.072845
268,DE,w4,5920.171738,7688.896656
269,DE,w5,4689.983368,6915.109158
270,DE,w6,2646.1207870000003,9478.096008
271,DE,w7,2510.9224320000003,5235.779285
272,DE,w8,2138.568401,6879.337788
273,DE,w9,1679.0,10373.91472
274,DE,w10,1679.0,9707.745552
275,DE,w11,1679.0,11159.718509999999
276,DE,w12,1679.0,8140.799522
277,DE,w13,1679.0,8259.837151
278,DE,w14,847.623408,4760.247707
279,DE,w15,1918.160319,6037.338257
280,DE,w16,5100.582123,6440.006732999999
281,DE,w17,2636.993408,5825.219154
282,DE,w18,367.990762,4251.032352
283,DE,w19,3033.701181,4896.233082
284,DE,w20,1677.743196,7032.646656
285,DE,w21,9471.934319,5520.398617
286,DE,w22,12171.15402,4793.224335
287,DE,w23,16666.75949,5720.233917
288,DE,w24,15648.38791,4343.712329999999
289,DE,w25,21899.28818,3415.785074
290,DE,w26,29730.80826,3198.964834
291,DE,w27,9391.112328000001,3412.30917
292,DE,w28,25973.52028,2259.8598
293,DE,w29,26297.53685,2882.027626
294,DE,w30,19265.64217,1234.4294790000001
295,DE,w31,17951.43509,6120.2254299999995
296,DE,w32,23962.74567,3106.1074729999996
297,DE,w33,22616.07742,3142.984867
298,DE,w34,24614.2292,3211.21645
299,DE,w35,23110.565189999998,5021.729469
300,DE,w36,9971.549034000001,4242.1541210000005
301,DE,w37,6183.347702,5680.705547
302,DE,w38,7362.843513,5245.132923
303,DE,w39,9790.412903,8982.72419
304,DE,w40,9375.918388,9872.344017
305,DE,w41,1992.5972219999999,7576.053618999999
306,DE,w42,3515.353203,9336.386681
307,DE,w43,9470.65258,10189.19563
308,DE,w44,6795.170784,8152.592659
309,DE,w45,4840.1527399999995,9724.656105
310,DE,w46,10739.10618,12075.84476
311,DE,w47,3239.6857739999996,12828.20511
312,DE,w48,1924.232125,9482.027054
313,DE,w49,8889.454842,13036.32069
314,DE,w50,5331.478596,13798.70701
315,DE,w51,6483.412743,12468.35136
316,DE,w52,11483.52432,11512.99381
317,DE,w53,17380.09834,8704.111099
318,ES,w1,175830.0,3754.0
319,ES,w2,179493.0,3726.0
320,ES,w3,140729.0,3920.0
321,ES,w4,254460.0,4099.0
322,ES,w5,280639.0,3637.0
323,ES,w6,104075.0,1618.0
324,ES,w7,253739.0,7427.0
325,ES,w8,670641.0,14476.0
326,ES,w9,439685.0,6245.0
327,ES,w10,301119.0,3049.0
328,ES,w11,209226.0,1094.0
329,ES,w12,262130.99999999997,4506.0
330,ES,w13,154981.0,3204.0
331,ES,w14,85937.0,1437.0
332,ES,w15,135146.0,2907.0
333,ES,w16,161732.0,4196.0
334,ES,w17,196285.0,4727.0
335,ES,w18,157140.0,4535.0
336,ES,w19,136957.0,2847.0
337,ES,w20,132681.0,3312.0
338,ES,w21,114474.0,3666.0
339,ES,w22,160721.0,4915.0
340,ES,w23,192011.0,6080.0
341,ES,w24,187848.0,7607.0
342,ES,w25,216384.0,7468.0
343,ES,w26,226065.0,7962.0
344,ES,w27,198136.0,6083.0
345,ES,w28,186966.0,6334.0
346,ES,w29,207474.0,6317.0
347,ES,w30,226923.0,5904.0
348,ES,w31,231835.0,6077.0
349,ES,w32,235406.0,6033.0
350,ES,w33,233899.0,5902.0
351,ES,w34,234744.0,6023.0
352,ES,w35,230629.0,5926.0
353,ES,w36,190987.0,3518.0
354,ES,w37,217152.0,4896.0
355,ES,w38,217255.0,3903.0
356,ES,w39,229169.0,4250.0
357,ES,w40,228637.0,4649.0
358,ES,w41,232670.0,5085.0
359,ES,w42,237025.0,5265.0
360,ES,w43,158890.0,2469.0
361,ES,w44,187542.0,2589.0
362,ES,w45,178541.0,4083.0
363,ES,w46,149724.0,2541.0
364,ES,w47,172008.0,3790.0
365,ES,w48,171973.0,4094.0000000000005
366,ES,w49,205838.0,7833.0
367,ES,w50,172750.0,4713.0
368,ES,w51,204035.0,8704.0
369,ES,w52,182646.0,3673.0
370,ES,w53,148307.0,2681.0
371,FI,w1,299300.0,0.0
372,FI,w2,218100.0,0.0
373,FI,w3,211600.0,0.0
374,FI,w4,167200.0,0.0
375,FI,w5,208900.0,0.0
376,FI,w6,170700.0,0.0
377,FI,w7,253800.0,0.0
378,FI,w8,184800.0,0.0
379,FI,w9,166200.0,0.0
380,FI,w10,147800.0,0.0
381,FI,w11,155000.0,0.0
382,FI,w12,127600.0,0.0
383,FI,w13,135200.0,0.0
384,FI,w14,187000.0,0.0
385,FI,w15,313300.0,0.0
386,FI,w16,413800.0,0.0
387,FI,w17,514900.0,0.0
388,FI,w18,750700.0,0.0
389,FI,w19,998300.0,0.0
390,FI,w20,781100.0,0.0
391,FI,w21,528500.0,0.0
392,FI,w22,420200.0,0.0
393,FI,w23,276700.0,0.0
394,FI,w24,290600.0,0.0
395,FI,w25,348900.0,0.0
396,FI,w26,326800.0,0.0
397,FI,w27,240600.0,0.0
398,FI,w28,398800.0,0.0
399,FI,w29,331900.0,0.0
400,FI,w30,239000.0,0.0
401,FI,w31,252500.0,0.0
402,FI,w32,337800.0,0.0
403,FI,w33,250700.0,0.0
404,FI,w34,324600.0,0.0
405,FI,w35,333900.0,0.0
406,FI,w36,339100.0,0.0
407,FI,w37,264100.0,0.0
408,FI,w38,261600.00000000003,0.0
409,FI,w39,197800.0,0.0
410,FI,w40,276000.0,0.0
411,FI,w41,217400.0,0.0
412,FI,w42,154900.0,0.0
413,FI,w43,160400.0,0.0
414,FI,w44,180500.0,0.0
415,FI,w45,170200.0,0.0
416,FI,w46,116800.0,0.0
417,FI,w47,172800.0,0.0
418,FI,w48,288900.0,0.0
419,FI,w49,247200.0,0.0
420,FI,w50,199600.0,0.0
421,FI,w51,172300.0,0.0
422,FI,w52,197500.0,0.0
423,FI,w53,202100.0,0.0
424,FR,w1,382014.0,0.0
425,FR,w2,385321.0,0.0
426,FR,w3,463913.0,0.0
427,FR,w4,524087.0,0.0
428,FR,w5,281747.0,0.0
429,FR,w6,292179.0,0.0
430,FR,w7,257902.0,0.0
431,FR,w8,246696.0,0.0
432,FR,w9,238753.0,0.0
433,FR,w10,285785.0,0.0
434,FR,w11,286708.0,0.0
435,FR,w12,255825.0,0.0
436,FR,w13,257849.0,0.0
437,FR,w14,264789.0,0.0
438,FR,w15,201963.0,0.0
439,FR,w16,193114.0,0.0
440,FR,w17,180928.0,0.0
441,FR,w18,213278.0,0.0
442,FR,w19,239476.0,0.0
443,FR,w20,280589.0,0.0
444,FR,w21,299188.0,0.0
445,FR,w22,289729.0,0.0
446,FR,w23,284173.0,0.0
447,FR,w24,289406.0,0.0
448,FR,w25,249738.0,0.0
449,FR,w26,218315.0,0.0
450,FR,w27,212500.0,0.0
451,FR,w28,206946.0,0.0
452,FR,w29,203808.0,0.0
453,FR,w30,201695.0,0.0
454,FR,w31,202272.0,0.0
455,FR,w32,194454.0,0.0
456,FR,w33,200248.0,0.0
457,FR,w34,201533.0,0.0
458,FR,w35,196961.0,0.0
459,FR,w36,189435.0,0.0
460,FR,w37,199935.0,0.0
461,FR,w38,214300.0,0.0
462,FR,w39,208255.0,0.0
463,FR,w40,202063.0,0.0
464,FR,w41,205491.0,0.0
465,FR,w42,205188.0,0.0
466,FR,w43,196204.0,0.0
467,FR,w44,208699.0,0.0
468,FR,w45,224458.0,0.0
469,FR,w46,240944.0,0.0
470,FR,w47,232211.0,0.0
471,FR,w48,299869.0,0.0
472,FR,w49,322196.0,0.0
473,FR,w50,308266.0,0.0
474,FR,w51,276051.0,0.0
475,FR,w52,232338.0,0.0
476,FR,w53,253869.0,0.0
477,GB,w1,0.0,0.0
478,GB,w2,0.0,0.0
479,GB,w3,0.0,0.0
480,GB,w4,0.0,0.0
481,GB,w5,0.0,0.0
482,GB,w6,0.0,0.0
483,GB,w7,0.0,0.0
484,GB,w8,0.0,0.0
485,GB,w9,0.0,0.0
486,GB,w10,0.0,0.0
487,GB,w11,0.0,0.0
488,GB,w12,0.0,0.0
489,GB,w13,0.0,0.0
490,GB,w14,0.0,0.0
491,GB,w15,0.0,0.0
492,GB,w16,0.0,0.0
493,GB,w17,0.0,0.0
494,GB,w18,0.0,0.0
495,GB,w19,0.0,0.0
496,GB,w20,0.0,0.0
497,GB,w21,0.0,0.0
498,GB,w22,0.0,0.0
499,GB,w23,0.0,0.0
500,GB,w24,0.0,0.0
501,GB,w25,0.0,0.0
502,GB,w26,0.0,0.0
503,GB,w27,0.0,0.0
504,GB,w28,0.0,0.0
505,GB,w29,0.0,0.0
506,GB,w30,0.0,0.0
507,GB,w31,0.0,0.0
508,GB,w32,0.0,0.0
509,GB,w33,0.0,0.0
510,GB,w34,0.0,0.0
511,GB,w35,0.0,0.0
512,GB,w36,0.0,0.0
513,GB,w37,0.0,0.0
514,GB,w38,0.0,0.0
515,GB,w39,0.0,0.0
516,GB,w40,0.0,0.0
517,GB,w41,0.0,0.0
518,GB,w42,0.0,0.0
519,GB,w43,0.0,0.0
520,GB,w44,0.0,0.0
521,GB,w45,0.0,0.0
522,GB,w46,0.0,0.0
523,GB,w47,0.0,0.0
524,GB,w48,0.0,0.0
525,GB,w49,0.0,0.0
526,GB,w50,0.0,0.0
527,GB,w51,0.0,0.0
528,GB,w52,0.0,0.0
529,GB,w53,0.0,0.0
530,GR,w1,73680.282,11451.84136
531,GR,w2,123416.982,16804.015580000003
532,GR,w3,177679.164,25437.66289
533,GR,w4,148250.856,17913.80312
534,GR,w5,135945.966,16143.97309
535,GR,w6,72011.23800000001,14622.960340000001
536,GR,w7,62200.788,6117.365439
537,GR,w8,51886.380000000005,6227.719547000001
538,GR,w9,53465.178,2695.3470249999996
539,GR,w10,46885.331999999995,2826.522663
540,GR,w11,56072.172,3978.994334
541,GR,w12,49044.138,3101.3668559999996
542,GR,w13,36598.301999999996,1448.1373939999999
543,GR,w14,38668.89,514.2917849999999
544,GR,w15,34960.692,1740.679887
545,GR,w16,28679.976,2466.310198
546,GR,w17,36773.724,1717.776204
547,GR,w18,34525.686,4279.865439
548,GR,w19,43278.534,6335.9915009999995
549,GR,w20,45983.886,6144.433428
550,GR,w21,37669.086,4318.385269
551,GR,w22,44056.272,3657.3017
552,GR,w23,53568.606,8154.752125
553,GR,w24,52408.59,7157.40085
554,GR,w25,58943.82,6799.270538
555,GR,w26,63191.466,9442.563739000001
556,GR,w27,77263.758,10147.372519999999
557,GR,w28,77098.47600000001,9737.188385
558,GR,w29,91177.866,9447.769122
559,GR,w30,76075.35,12330.50992
560,GR,w31,78813.15,9924.582153
561,GR,w32,83611.398,10583.58357
562,GR,w33,81983.928,10306.65722
563,GR,w34,72104.52600000001,9117.747875
564,GR,w35,60302.58,7665.4461759999995
565,GR,w36,56026.542,7236.522663
566,GR,w37,47248.344000000005,6569.192635
567,GR,w38,48060.558,6837.790368
568,GR,w39,44009.628,6472.372520999999
569,GR,w40,36835.578,4309.015581
570,GR,w41,44630.195999999996,4376.685552
571,GR,w42,45241.638,5254.313031
572,GR,w43,45410.975999999995,5560.389518
573,GR,w44,51145.14599999999,4069.567989
574,GR,w45,50716.223999999995,9293.689801999999
575,GR,w46,49046.166,9201.033994
576,GR,w47,44156.658,18883.04533
577,GR,w48,32045.442000000003,10238.987249999998
578,GR,w49,74796.696,10794.922100000002
579,GR,w50,73298.004,15786.88385
580,GR,w51,47651.916,12123.33569
581,GR,w52,77566.944,13305.998580000001
582,GR,w53,100691.214,13509.0085
583,HR,w1,74187.0,10037.18046
584,HR,w2,76438.0,11762.94538
585,HR,w3,83599.0,12721.83429
586,HR,w4,107967.0,10639.47398
587,HR,w5,91284.0,13612.14717
588,HR,w6,100807.0,18644.06074
589,HR,w7,104010.0,12642.286090000001
590,HR,w8,114424.0,12699.10623
591,HR,w9,88369.0,15779.93362
592,HR,w10,90842.0,19365.872499999998
593,HR,w11,126929.0,13763.79817
594,HR,w12,88486.0,11730.028880000002
595,HR,w13,79706.0,10846.769540000001
596,HR,w14,71838.0,10743.70956
597,HR,w15,63713.0,10456.8658
598,HR,w16,61379.0,11683.39718
599,HR,w17,66369.0,13307.277709999998
600,HR,w18,57191.0,14351.2009
601,HR,w19,54427.0,11945.1617
602,HR,w20,61693.0,12519.24109
603,HR,w21,56935.0,12987.90931
604,HR,w22,60438.0,13642.32062
605,HR,w23,56684.0,14299.474979999999
606,HR,w24,56632.0,13163.46396
607,HR,w25,45556.0,12175.18532
608,HR,w26,40479.0,13775.554059999999
609,HR,w27,39318.0,12719.09125
610,HR,w28,43478.0,11818.58993
611,HR,w29,42706.0,12233.96478
612,HR,w30,47669.0,14413.50713
613,HR,w31,46951.0,11726.50212
614,HR,w32,61934.0,14594.54786
615,HR,w33,53547.0,12861.337539999999
616,HR,w34,53632.0,14604.34444
617,HR,w35,41994.0,11711.61132
618,HR,w36,62587.0,12152.0654
619,HR,w37,78097.0,18376.026410000002
620,HR,w38,101080.0,21277.38051
621,HR,w39,105570.0,19296.12087
622,HR,w40,64441.0,13894.28857
623,HR,w41,63456.0,11514.11234
624,HR,w42,44575.0,10306.39038
625,HR,w43,44955.0,11651.65627
626,HR,w44,38831.0,9642.966217
627,HR,w45,40060.0,14201.90107
628,HR,w46,55849.0,13933.08301
629,HR,w47,64037.00000000001,10858.13357
630,HR,w48,54710.0,15882.99361
631,HR,w49,92627.0,14896.28242
632,HR,w50,102927.0,21947.46635
633,HR,w51,135859.0,18034.71368
634,HR,w52,125829.0,17400.67925
635,HR,w53,135145.0,17400.67925
636,HU,w1,0.0,0.0
637,HU,w2,0.0,0.0
638,HU,w3,0.0,0.0
639,HU,w4,0.0,0.0
640,HU,w5,0.0,0.0
641,HU,w6,0.0,0.0
642,HU,w7,0.0,0.0
643,HU,w8,0.0,0.0
644,HU,w9,0.0,0.0
645,HU,w10,0.0,0.0
646,HU,w11,0.0,0.0
647,HU,w12,0.0,0.0
648,HU,w13,0.0,0.0
649,HU,w14,0.0,0.0
650,HU,w15,0.0,0.0
651,HU,w16,0.0,0.0
652,HU,w17,0.0,0.0
653,HU,w18,0.0,0.0
654,HU,w19,0.0,0.0
655,HU,w20,0.0,0.0
656,HU,w21,0.0,0.0
657,HU,w22,0.0,0.0
658,HU,w23,0.0,0.0
659,HU,w24,0.0,0.0
660,HU,w25,0.0,0.0
661,HU,w26,0.0,0.0
662,HU,w27,0.0,0.0
663,HU,w28,0.0,0.0
664,HU,w29,0.0,0.0
665,HU,w30,0.0,0.0
666,HU,w31,0.0,0.0
667,HU,w32,0.0,0.0
668,HU,w33,0.0,0.0
669,HU,w34,0.0,0.0
670,HU,w35,0.0,0.0
671,HU,w36,0.0,0.0
672,HU,w37,0.0,0.0
673,HU,w38,0.0,0.0
674,HU,w39,0.0,0.0
675,HU,w40,0.0,0.0
676,HU,w41,0.0,0.0
677,HU,w42,0.0,0.0
678,HU,w43,0.0,0.0
679,HU,w44,0.0,0.0
680,HU,w45,0.0,0.0
681,HU,w46,0.0,0.0
682,HU,w47,0.0,0.0
683,HU,w48,0.0,0.0
684,HU,w49,0.0,0.0
685,HU,w50,0.0,0.0
686,HU,w51,0.0,0.0
687,HU,w52,0.0,0.0
688,HU,w53,0.0,0.0
689,IE,w1,0.0,0.0
690,IE,w2,0.0,0.0
691,IE,w3,0.0,0.0
692,IE,w4,0.0,0.0
693,IE,w5,0.0,0.0
694,IE,w6,0.0,0.0
695,IE,w7,0.0,0.0
696,IE,w8,0.0,0.0
697,IE,w9,0.0,0.0
698,IE,w10,0.0,0.0
699,IE,w11,0.0,0.0
700,IE,w12,0.0,0.0
701,IE,w13,0.0,0.0
702,IE,w14,0.0,0.0
703,IE,w15,0.0,0.0
704,IE,w16,0.0,0.0
705,IE,w17,0.0,0.0
706,IE,w18,0.0,0.0
707,IE,w19,0.0,0.0
708,IE,w20,0.0,0.0
709,IE,w21,0.0,0.0
710,IE,w22,0.0,0.0
711,IE,w23,0.0,0.0
712,IE,w24,0.0,0.0
713,IE,w25,0.0,0.0
714,IE,w26,0.0,0.0
715,IE,w27,0.0,0.0
716,IE,w28,0.0,0.0
717,IE,w29,0.0,0.0
718,IE,w30,0.0,0.0
719,IE,w31,0.0,0.0
720,IE,w32,0.0,0.0
721,IE,w33,0.0,0.0
722,IE,w34,0.0,0.0
723,IE,w35,0.0,0.0
724,IE,w36,0.0,0.0
725,IE,w37,0.0,0.0
726,IE,w38,0.0,0.0
727,IE,w39,0.0,0.0
728,IE,w40,0.0,0.0
729,IE,w41,0.0,0.0
730,IE,w42,0.0,0.0
731,IE,w43,0.0,0.0
732,IE,w44,0.0,0.0
733,IE,w45,0.0,0.0
734,IE,w46,0.0,0.0
735,IE,w47,0.0,0.0
736,IE,w48,0.0,0.0
737,IE,w49,0.0,0.0
738,IE,w50,0.0,0.0
739,IE,w51,0.0,0.0
740,IE,w52,0.0,0.0
741,IE,w53,0.0,0.0
742,IT,w1,262604.0,42779.0
743,IT,w2,281744.0,32195.0
744,IT,w3,373094.99999999994,27980.0
745,IT,w4,360735.0,30425.0
746,IT,w5,378829.0,49915.0
747,IT,w6,283370.0,26156.0
748,IT,w7,332685.0,36989.99999999999
749,IT,w8,301614.0,20835.0
750,IT,w9,272280.00000000006,12822.0
751,IT,w10,293318.99999999994,21142.0
752,IT,w11,312928.0,18266.0
753,IT,w12,318669.0,17144.0
754,IT,w13,315736.99999999994,24503.0
755,IT,w14,309084.0,30514.999999999996
756,IT,w15,305150.0,28628.999999999996
757,IT,w16,271381.0,14965.0
758,IT,w17,268887.0,14754.0
759,IT,w18,311857.0,19801.0
760,IT,w19,299730.0,21412.0
761,IT,w20,296111.99999999994,24393.0
762,IT,w21,403344.99999999994,37127.0
763,IT,w22,399516.0,47718.0
764,IT,w23,400425.0,63517.0
765,IT,w24,435244.0,65263.99999999999
766,IT,w25,464920.0,62930.0
767,IT,w26,454064.99999999994,60252.99999999999
768,IT,w27,461510.0,63316.0
769,IT,w28,477271.0,58148.99999999999
770,IT,w29,440555.0,51541.0
771,IT,w30,444277.0,47974.00000000001
772,IT,w31,453640.99999999994,48054.0
773,IT,w32,451186.0,45130.0
774,IT,w33,398711.0,50848.0
775,IT,w34,385130.0,49908.0
776,IT,w35,387700.0,47454.0
777,IT,w36,408361.0,53755.0
778,IT,w37,387014.0,40126.99999999999
779,IT,w38,432092.00000000006,89033.0
780,IT,w39,394430.0,65247.0
781,IT,w40,332905.0,54828.0
782,IT,w41,302648.0,38330.0
783,IT,w42,279716.0,34018.0
784,IT,w43,257309.00000000003,34739.99999999999
785,IT,w44,227660.0,27878.999999999996
786,IT,w45,225520.0,31319.000000000004
787,IT,w46,307372.0,35555.0
788,IT,w47,281178.0,34649.0
789,IT,w48,238204.0,20663.0
790,IT,w49,258693.00000000003,21320.0
791,IT,w50,229341.99999999997,10645.999999999998
792,IT,w51,308684.0,17549.0
793,IT,w52,273859.0,16256.0
794,IT,w53,243855.00000000003,21072.999999999996
795,NO,w1,0.0,204121.857
796,NO,w2,0.0,199456.76799999998
797,NO,w3,0.0,479787.19210000004
798,NO,w4,0.0,307299.9104
799,NO,w5,0.0,235512.14904
800,NO,w6,0.0,282026.388
801,NO,w7,0.0,521119.9336
802,NO,w8,0.0,251688.6456
803,NO,w9,0.0,299386.1584
804,NO,w10,0.0,294517.3112
805,NO,w11,0.0,474269.5496
806,NO,w12,0.0,620418.4392
807,NO,w13,0.0,1800569.9039999999
808,NO,w14,0.0,1312960.0903999999
809,NO,w15,0.0,801108.1008000001
810,NO,w16,0.0,1351531.6304000001
811,NO,w17,0.0,2241272.264
812,NO,w18,0.0,1739385.9336
813,NO,w19,0.0,2568462.4
814,NO,w20,0.0,6597742.032
815,NO,w21,0.0,9082309.040000001
816,NO,w22,0.0,11255608.616
817,NO,w23,0.0,9139304.16
818,NO,w24,0.0,3396346.2959999996
819,NO,w25,0.0,3085988.7520000003
820,NO,w26,0.0,4248278.776
821,NO,w27,0.0,5814322.136000001
822,NO,w28,0.0,4234253.9120000005
823,NO,w29,0.0,4502804.768
824,NO,w30,0.0,2625503.104
825,NO,w31,0.0,1980976.872
826,NO,w32,0.0,1911821.7888
827,NO,w33,0.0,2375291.8
828,NO,w34,0.0,1983529.9904
829,NO,w35,0.0,2960141.2399999998
830,NO,w36,0.0,2915558.044
831,NO,w37,0.0,4415201.1680000005
832,NO,w38,0.0,4121737.9280000003
833,NO,w39,0.0,4786345.8048
834,NO,w40,0.0,3847752.3223999995
835,NO,w41,0.0,1746846.6959999998
836,NO,w42,0.0,1812231.4840000002
837,NO,w43,0.0,2257499.244
838,NO,w44,0.0,2689336.1599999997
839,NO,w45,0.0,1765662.0688
840,NO,w46,0.0,2703072.1704
841,NO,w47,0.0,1969370.956
842,NO,w48,0.0,1557355.9176
843,NO,w49,0.0,1366424.7296
844,NO,w50,0.0,805614.0456000001
845,NO,w51,0.0,927421.7512
846,NO,w52,0.0,986140.652
847,NO,w53,0.0,986140.652
848,PL,w1,5336.55,467.1
849,PL,w2,3558.6000000000004,1219.05
850,PL,w3,3352.05,1293.3
851,PL,w4,3186.0,1239.3000000000002
852,PL,w5,2933.5499999999997,1129.95
853,PL,w6,2722.95,959.85
854,PL,w7,2933.5499999999997,1229.8500000000001
855,PL,w8,3165.75,1000.35
856,PL,w9,5339.25,2020.95
857,PL,w10,7306.2,2609.55
858,PL,w11,9144.9,2756.7
859,PL,w12,8387.55,2462.4
860,PL,w13,8332.2,2922.75
861,PL,w14,7484.4,2454.2999999999997
862,PL,w15,6191.099999999999,2195.1
863,PL,w16,4982.85,2096.55
864,PL,w17,4727.7,1907.5500000000002
865,PL,w18,5644.35,2042.55
866,PL,w19,6632.55,1652.4
867,PL,w20,4569.75,1869.75
868,PL,w21,4815.45,1992.6
869,PL,w22,4685.85,1336.5
870,PL,w23,4504.95,895.0500000000001
871,PL,w24,4006.8,654.75
872,PL,w25,4282.2,471.15000000000003
873,PL,w26,3639.6000000000004,395.55
874,PL,w27,3946.05,153.9
875,PL,w28,5688.900000000001,36.45
876,PL,w29,2860.65,0.0
877,PL,w30,2619.0,0.0
878,PL,w31,3372.3,47.25
879,PL,w32,2218.0499999999997,32.4
880,PL,w33,2555.55,35.1
881,PL,w34,2432.7000000000003,0.0
882,PL,w35,2362.5,0.0
883,PL,w36,1792.8,0.0
884,PL,w37,2446.2000000000003,353.7
885,PL,w38,1282.5,0.0
886,PL,w39,5429.700000000001,157.95000000000002
887,PL,w40,5454.0,0.0
888,PL,w41,3439.8,0.0
889,PL,w42,2833.65,0.0
890,PL,w43,2107.35,0.0
891,PL,w44,4390.2,128.25
892,PL,w45,5146.200000000001,110.7
893,PL,w46,4984.200000000001,8.1
894,PL,w47,6365.25,225.45000000000002
895,PL,w48,6369.3,1233.9
896,PL,w49,5242.05,1877.85
897,PL,w50,4977.45,1578.1499999999999
898,PL,w51,7365.599999999999,1718.55
899,PL,w52,9491.849999999999,2092.5
900,PL,w53,9439.199999999999,2533.95
901,PT,w1,43402.0,0.0
902,PT,w2,72618.0,8294.0
903,PT,w3,50597.0,0.0
904,PT,w4,55546.0,0.0
905,PT,w5,52350.0,0.0
906,PT,w6,69782.0,20546.0
907,PT,w7,49767.0,0.0
908,PT,w8,84411.0,16376.999999999998
909,PT,w9,84781.0,17772.0
910,PT,w10,72125.0,16251.000000000002
911,PT,w11,39825.0,0.0
912,PT,w12,97859.0,24013.0
913,PT,w13,127047.0,33383.0
914,PT,w14,107515.0,17782.0
915,PT,w15,91694.0,15053.0
916,PT,w16,104803.0,22254.0
917,PT,w17,78548.0,10249.0
918,PT,w18,39961.0,0.0
919,PT,w19,52733.0,0.0
920,PT,w20,96095.0,13300.0
921,PT,w21,54366.0,0.0
922,PT,w22,42712.0,0.0
923,PT,w23,41041.0,0.0
924,PT,w24,40066.0,0.0
925,PT,w25,47271.0,0.0
926,PT,w26,36938.0,0.0
927,PT,w27,31333.0,0.0
928,PT,w28,38177.0,0.0
929,PT,w29,37537.0,0.0
930,PT,w30,30770.0,0.0
931,PT,w31,22562.0,0.0
932,PT,w32,13064.0,0.0
933,PT,w33,9702.0,0.0
934,PT,w34,6301.0,0.0
935,PT,w35,22133.0,0.0
936,PT,w36,17653.0,0.0
937,PT,w37,18130.0,0.0
938,PT,w38,15451.0,0.0
939,PT,w39,20829.0,0.0
940,PT,w40,22665.0,2500.0
941,PT,w41,23452.0,0.0
942,PT,w42,26164.0,0.0
943,PT,w43,44175.0,9207.0
944,PT,w44,140760.0,28979.0
945,PT,w45,65281.00000000001,0.0
946,PT,w46,92906.0,14221.0
947,PT,w47,90226.0,15851.0
948,PT,w48,114057.0,0.0
949,PT,w49,190514.0,34722.0
950,PT,w50,110833.0,0.0
951,PT,w51,124100.0,25903.0
952,PT,w52,32323.999999999996,0.0
953,RO,w1,108560.0,55800.0
954,RO,w2,103718.0,56270.0
955,RO,w3,104189.0,55670.0
956,RO,w4,96702.0,46979.0
957,RO,w5,96932.0,47315.0
958,RO,w6,88266.0,22314.0
959,RO,w7,62329.0,13400.0
960,RO,w8,80577.0,8650.0
961,RO,w9,49424.0,5443.0
962,RO,w10,38094.0,6603.0
963,RO,w11,33086.0,12378.0
964,RO,w12,31897.0,22822.0
965,RO,w13,34653.0,11971.0
966,RO,w14,54606.0,11984.0
967,RO,w15,70365.0,45476.0
968,RO,w16,83444.0,32455.0
969,RO,w17,83685.0,32490.000000000004
970,RO,w18,49740.0,7016.0
971,RO,w19,50033.0,1413.0
972,RO,w20,60103.0,6566.0
973,RO,w21,61692.0,14116.0
974,RO,w22,76706.0,14061.0
975,RO,w23,79448.0,15216.0
976,RO,w24,73599.0,21709.0
977,RO,w25,76089.0,22397.0
978,RO,w26,75818.0,23646.0
979,RO,w27,72069.0,34438.0
980,RO,w28,85669.0,15887.0
981,RO,w29,70758.0,23224.0
982,RO,w30,73817.0,33385.0
983,RO,w31,40059.0,24661.0
984,RO,w32,47102.0,32447.000000000004
985,RO,w33,36016.0,15146.0
986,RO,w34,41998.0,18523.0
987,RO,w35,38880.0,17592.0
988,RO,w36,46989.0,25693.0
989,RO,w37,43382.0,17980.0
990,RO,w38,49185.0,24259.0
991,RO,w39,45809.0,30076.0
992,RO,w40,51605.0,25812.0
993,RO,w41,64281.00000000001,14929.0
994,RO,w42,60672.0,32723.0
995,RO,w43,64277.0,35296.0
996,RO,w44,70851.0,16349.0
997,RO,w45,70797.0,19293.0
998,RO,w46,70462.0,24054.0
999,RO,w47,68368.0,24253.0
1000,RO,w48,74038.0,28331.0
1001,RO,w49,56246.0,7619.0
1002,RO,w50,45291.0,18907.0
1003,RO,w51,56391.0,18226.0
1004,RO,w52,62366.0,22849.0
1005,RO,w53,71849.0,28200.0
1006,SE,w1,510343.00029,0.0
1007,SE,w2,485380.83294,0.0
1008,SE,w3,482177.72029,0.0
1009,SE,w4,467595.70882,0.0
1010,SE,w5,478991.63206000003,0.0
1011,SE,w6,412730.37941,0.0
1012,SE,w7,389009.285,0.0
1013,SE,w8,388792.25206,0.0
1014,SE,w9,386319.84618,0.0
1015,SE,w10,372605.66941000003,0.0
1016,SE,w11,386810.44882,0.0
1017,SE,w12,414939.605,0.0
1018,SE,w13,464870.74941,0.0
1019,SE,w14,505034.79824,0.0
1020,SE,w15,651971.7849999999,0.0
1021,SE,w16,913440.7973499999,0.0
1022,SE,w17,1580908.9059,0.0
1023,SE,w18,2446750.0515,0.0
1024,SE,w19,3148219.6476,0.0
1025,SE,w20,3706910.5400000005,0.0
1026,SE,w21,3897849.268,0.0
1027,SE,w22,3744121.142,0.0
1028,SE,w23,3527464.0239999997,0.0
1029,SE,w24,3041837.855,0.0
1030,SE,w25,2784477.021,0.0
1031,SE,w26,2491168.178,0.0
1032,SE,w27,2278168.121,0.0
1033,SE,w28,2003376.2329000002,0.0
1034,SE,w29,1834259.3971,0.0
1035,SE,w30,1685829.8376,0.0
1036,SE,w31,1558560.1400000001,0.0
1037,SE,w32,1405151.5724000002,0.0
1038,SE,w33,1297143.2970999999,0.0
1039,SE,w34,1300780.9929,0.0
1040,SE,w35,1263453.4618,0.0
1041,SE,w36,1319187.6624,0.0
1042,SE,w37,1310567.0859,0.0
1043,SE,w38,1412405.8834999998,0.0
1044,SE,w39,1309066.1912,0.0
1045,SE,w40,1316941.6105999998,0.0
1046,SE,w41,1354594.2859,0.0
1047,SE,w42,1251322.8635,0.0
1048,SE,w43,1150212.1300000001,0.0
1049,SE,w44,1120128.3270999999,0.0
1050,SE,w45,1018646.0941,0.0
1051,SE,w46,904304.5985,0.0
1052,SE,w47,810602.5935,0.0
1053,SE,w48,783117.9628999999,0.0
1054,SE,w49,734655.9868000001,0.0
1055,SE,w50,687188.0565000001,0.0
1056,SE,w51,640994.1326,0.0
1057,SE,w52,624122.2979,0.0
1058,SE,w53,624122.2979,0.0
1059,SI,w1,0.0,0.0
1060,SI,w2,0.0,0.0
1061,SI,w3,0.0,0.0
1062,SI,w4,0.0,0.0
1063,SI,w5,0.0,0.0
1064,SI,w6,0.0,0.0
1065,SI,w7,0.0,0.0
1066,SI,w8,0.0,0.0
1067,SI,w9,0.0,0.0
1068,SI,w10,0.0,0.0
1069,SI,w11,0.0,0.0
1070,SI,w12,0.0,0.0
1071,SI,w13,0.0,0.0
1072,SI,w14,0.0,0.0
1073,SI,w15,0.0,0.0
1074,SI,w16,0.0,0.0
1075,SI,w17,0.0,0.0
1076,SI,w18,0.0,0.0
1077,SI,w19,0.0,0.0
1078,SI,w20,0.0,0.0
1079,SI,w21,0.0,0.0
1080,SI,w22,0.0,0.0
1081,SI,w23,0.0,0.0
1082,SI,w24,0.0,0.0
1083,SI,w25,0.0,0.0
1084,SI,w26,0.0,0.0
1085,SI,w27,0.0,0.0
1086,SI,w28,0.0,0.0
1087,SI,w29,0.0,0.0
1088,SI,w30,0.0,0.0
1089,SI,w31,0.0,0.0
1090,SI,w32,0.0,0.0
1091,SI,w33,0.0,0.0
1092,SI,w34,0.0,0.0
1093,SI,w35,0.0,0.0
1094,SI,w36,0.0,0.0
1095,SI,w37,0.0,0.0
1096,SI,w38,0.0,0.0
1097,SI,w39,0.0,0.0
1098,SI,w40,0.0,0.0
1099,SI,w41,0.0,0.0
1100,SI,w42,0.0,0.0
1101,SI,w43,0.0,0.0
1102,SI,w44,0.0,0.0
1103,SI,w45,0.0,0.0
1104,SI,w46,0.0,0.0
1105,SI,w47,0.0,0.0
1106,SI,w48,0.0,0.0
1107,SI,w49,0.0,0.0
1108,SI,w50,0.0,0.0
1109,SI,w51,0.0,0.0
1110,SI,w52,0.0,0.0
1111,SI,w53,0.0,0.0
1112,SK,w1,0.0,2609.0
1113,SK,w2,0.0,2454.0
1114,SK,w3,0.0,2407.0
1115,SK,w4,0.0,2237.0
1116,SK,w5,0.0,2264.0
1117,SK,w6,0.0,1938.0
1118,SK,w7,0.0,1414.0
1119,SK,w8,0.0,1672.0
1120,SK,w9,0.0,1043.0
1121,SK,w10,0.0,1319.0
1122,SK,w11,0.0,1892.0
1123,SK,w12,0.0,1688.0
1124,SK,w13,0.0,1650.0
1125,SK,w14,0.0,2112.0
1126,SK,w15,0.0,1839.0
1127,SK,w16,0.0,1877.0
1128,SK,w17,0.0,2696.0
1129,SK,w18,0.0,6301.0
1130,SK,w19,0.0,10115.0
1131,SK,w20,0.0,8130.000000000001
1132,SK,w21,0.0,5354.0
1133,SK,w22,0.0,3997.0
1134,SK,w23,0.0,3125.0
1135,SK,w24,0.0,2446.0
1136,SK,w25,0.0,2630.0
1137,SK,w26,0.0,2591.0
1138,SK,w27,0.0,2219.0
1139,SK,w28,0.0,2335.0
1140,SK,w29,0.0,2370.0
1141,SK,w30,0.0,2434.0
1142,SK,w31,0.0,2418.0
1143,SK,w32,0.0,1906.0
1144,SK,w33,0.0,2021.0
1145,SK,w34,0.0,1990.0
1146,SK,w35,0.0,2179.0
1147,SK,w36,0.0,1855.0
1148,SK,w37,0.0,2136.0
1149,SK,w38,0.0,926.0
1150,SK,w39,0.0,2962.0
1151,SK,w40,0.0,4070.0000000000005
1152,SK,w41,0.0,2342.0
1153,SK,w42,0.0,2157.0
1154,SK,w43,0.0,1960.0
1155,SK,w44,0.0,1879.0
1156,SK,w45,0.0,3459.0
1157,SK,w46,0.0,2873.0
1158,SK,w47,0.0,2376.0
1159,SK,w48,0.0,2867.0
1160,SK,w49,0.0,3428.0
1161,SK,w50,0.0,3073.0
1162,SK,w51,0.0,3370.0
1163,SK,w52,0.0,2556.0
1164,SK,w53,0.0,1924.0
