country_sym,week,PSClosed,PSOpen,Dam
AT,w1,0,0.31840485,0.31840485
AT,w2,0,0.299487362,0.299487362
AT,w3,0,0.265948064,0.265948064
AT,w4,0,0.235650742,0.235650742
AT,w5,0,0.217317201,0.217317201
AT,w6,0,0.213152753,0.213152753
AT,w7,0,0.211602471,0.211602471
AT,w8,0,0.209610646,0.209610646
AT,w9,0,0.197124576,0.197124576
AT,w10,0,0.191643285,0.191643285
AT,w11,0,0.188556342,0.188556342
AT,w12,0,0.178567066,0.178567066
AT,w13,0,0.167265757,0.167265757
AT,w14,0,0.158749452,0.158749452
AT,w15,0,0.15830803,0.15830803
AT,w16,0,0.153214672,0.153214672
AT,w17,0,0.151801525,0.151801525
AT,w18,0,0.15159928,0.15159928
AT,w19,0,0.171248031,0.171248031
AT,w20,0,0.202962182,0.202962182
AT,w21,0,0.246823808,0.246823808
AT,w22,0,0.308722047,0.308722047
AT,w23,0,0.351993304,0.351993304
AT,w24,0,0.387994322,0.387994322
AT,w25,0,0.438594442,0.438594442
AT,w26,0,0.479397686,0.479397686
AT,w27,0,0.515090611,0.515090611
AT,w28,0,0.544631033,0.544631033
AT,w29,0,0.576867719,0.576867719
AT,w30,0,0.612582864,0.612582864
AT,w31,0,0.656001007,0.656001007
AT,w32,0,0.6801846,0.6801846
AT,w33,0,0.692092832,0.692092832
AT,w34,0,0.685578219,0.685578219
AT,w35,0,0.694379863,0.694379863
AT,w36,0,0.698208254,0.698208254
AT,w37,0,0.69486909,0.69486909
AT,w38,0,0.679471433,0.679471433
AT,w39,0,0.67672583,0.67672583
AT,w40,0,0.684670948,0.684670948
AT,w41,0,0.668282959,0.668282959
AT,w42,0,0.654989297,0.654989297
AT,w43,0,0.655423097,0.655423097
AT,w44,0,0.644855439,0.644855439
AT,w45,0,0.626726599,0.626726599
AT,w46,0,0.61160345,0.61160345
AT,w47,0,0.592139916,0.592139916
AT,w48,0,0.568776945,0.568776945
AT,w49,0,0.556995298,0.556995298
AT,w50,0,0.51664212,0.51664212
AT,w51,0,0.507220068,0.507220068
AT,w52,0,0.506762248,0.506762248
BG,w1,0.612446795,0.612446795,0.612446795
BG,w2,0.58955648,0.58955648,0.58955648
BG,w3,0.576265466,0.576265466,0.576265466
BG,w4,0.574233655,0.574233655,0.574233655
BG,w5,0.584604246,0.584604246,0.584604246
BG,w6,0.585249645,0.585249645,0.585249645
BG,w7,0.587095198,0.587095198,0.587095198
BG,w8,0.598321304,0.598321304,0.598321304
BG,w9,0.630830035,0.630830035,0.630830035
BG,w10,0.651486369,0.651486369,0.651486369
BG,w11,0.665180571,0.665180571,0.665180571
BG,w12,0.683107172,0.683107172,0.683107172
BG,w13,0.701029475,0.701029475,0.701029475
BG,w14,0.715514496,0.715514496,0.715514496
BG,w15,0.745911004,0.745911004,0.745911004
BG,w16,0.763606912,0.763606912,0.763606912
BG,w17,0.800891604,0.800891604,0.800891604
BG,w18,0.83759557,0.83759557,0.83759557
BG,w19,0.868129503,0.868129503,0.868129503
BG,w20,0.89598312,0.89598312,0.89598312
BG,w21,0.931928497,0.931928497,0.931928497
BG,w22,0.962072528,0.962072528,0.962072528
BG,w23,0.983816625,0.983816625,0.983816625
BG,w24,0.998045667,0.998045667,0.998045667
BG,w25,0.995817728,0.995817728,0.995817728
BG,w26,0.984920075,0.984920075,0.984920075
BG,w27,0.960172631,0.960172631,0.960172631
BG,w28,0.961542428,0.961542428,0.961542428
BG,w29,0.95712117,0.95712117,0.95712117
BG,w30,0.935555764,0.935555764,0.935555764
BG,w31,0.914963624,0.914963624,0.914963624
BG,w32,0.90110126,0.90110126,0.90110126
BG,w33,0.887164667,0.887164667,0.887164667
BG,w34,0.876834128,0.876834128,0.876834128
BG,w35,0.868866887,0.868866887,0.868866887
BG,w36,0.860620597,0.860620597,0.860620597
BG,w37,0.854823656,0.854823656,0.854823656
BG,w38,0.857094422,0.857094422,0.857094422
BG,w39,0.859075839,0.859075839,0.859075839
BG,w40,0.853166167,0.853166167,0.853166167
BG,w41,0.845250157,0.845250156,0.845250156
BG,w42,0.841151781,0.841151781,0.841151781
BG,w43,0.830077049,0.830077049,0.830077049
BG,w44,0.813942715,0.813942715,0.813942715
BG,w45,0.811230274,0.811230274,0.811230274
BG,w46,0.806046655,0.806046655,0.806046655
BG,w47,0.839832682,0.839832682,0.839832682
BG,w48,0.911615621,0.911615621,0.911615621
BG,w49,0.933373862,0.933373862,0.933373862
BG,w50,0.93957899,0.93957899,0.93957899
BG,w51,0.957277433,0.957277433,0.957277433
BG,w52,0.960236784,0.960236784,0.960236784
CH,w1,0.297306192,0,0.297306192
CH,w2,0.252249452,0,0.252249452
CH,w3,0.207705587,0,0.207705587
CH,w4,0.177032011,0,0.177032011
CH,w5,0.168100407,0,0.168100407
CH,w6,0.155863731,0,0.155863731
CH,w7,0.141116208,0,0.141116208
CH,w8,0.130226239,0,0.130226239
CH,w9,0.121425836,0,0.121425836
CH,w10,0.115574924,0,0.115574924
CH,w11,0.106892832,0,0.106892832
CH,w12,0.096495132,0,0.096495132
CH,w13,0.089922156,0,0.089922156
CH,w14,0.086418777,0,0.086418777
CH,w15,0.083561156,0,0.083561156
CH,w16,0.072895295,0,0.072895295
CH,w17,0.061853624,0,0.061853624
CH,w18,0.061389864,0,0.061389864
CH,w19,0.074924106,0,0.074924106
CH,w20,0.098842189,0,0.098842189
CH,w21,0.132502058,0,0.132502058
CH,w22,0.190692709,0,0.190692709
CH,w23,0.224997448,0,0.224997448
CH,w24,0.268949365,0,0.268949365
CH,w25,0.315619953,0,0.315619953
CH,w26,0.346297781,0,0.346297781
CH,w27,0.374979609,0,0.374979609
CH,w28,0.39970143,0,0.39970143
CH,w29,0.430410983,0,0.430410983
CH,w30,0.477328672,0,0.477328672
CH,w31,0.511250989,0,0.511250989
CH,w32,0.541256253,0,0.541256253
CH,w33,0.571964256,0,0.571964256
CH,w34,0.578706386,0,0.578706386
CH,w35,0.607383124,0,0.607383124
CH,w36,0.618739492,0,0.618739492
CH,w37,0.610926356,0,0.610926356
CH,w38,0.606284547,0,0.606284547
CH,w39,0.608060925,0,0.608060925
CH,w40,0.617217295,0,0.617217295
CH,w41,0.616743242,0,0.616743242
CH,w42,0.590029292,0,0.590029292
CH,w43,0.573114378,0,0.573114378
CH,w44,0.553856584,0,0.553856584
CH,w45,0.525583326,0,0.525583326
CH,w46,0.490606751,0,0.490606751
CH,w47,0.459845192,0,0.459845192
CH,w48,0.414612089,0,0.414612089
CH,w49,0.370245729,0,0.370245729
CH,w50,0.344843614,0,0.344843614
CH,w51,0.336097742,0,0.336097742
CH,w52,0.335146169,0,0.335146169
ES,w1,0.383473474,0.383473474,0.383473474
ES,w2,0.374359497,0.374359497,0.374359497
ES,w3,0.351102271,0.351102271,0.351102271
ES,w4,0.357283844,0.357283844,0.357283844
ES,w5,0.391714347,0.391714347,0.391714347
ES,w6,0.425105584,0.425105584,0.425105584
ES,w7,0.444336366,0.444336366,0.444336366
ES,w8,0.450943722,0.450943722,0.450943722
ES,w9,0.454625455,0.454625455,0.454625455
ES,w10,0.458133077,0.458133077,0.458133077
ES,w11,0.452520689,0.452520689,0.452520689
ES,w12,0.450672834,0.450672834,0.450672834
ES,w13,0.452933596,0.452933596,0.452933596
ES,w14,0.451144694,0.451144694,0.451144694
ES,w15,0.449267965,0.449267965,0.449267965
ES,w16,0.443184462,0.443184462,0.443184462
ES,w17,0.439051243,0.439051243,0.439051243
ES,w18,0.437823557,0.437823557,0.437823557
ES,w19,0.448654182,0.448654182,0.448654182
ES,w20,0.45049906,0.45049906,0.45049906
ES,w21,0.44538494,0.44538494,0.44538494
ES,w22,0.442708207,0.442708207,0.442708207
ES,w23,0.434338279,0.434338279,0.434338279
ES,w24,0.423468232,0.423468232,0.423468232
ES,w25,0.414985033,0.414985033,0.414985033
ES,w26,0.410613691,0.410613691,0.410613691
ES,w27,0.405026313,0.405026313,0.405026313
ES,w28,0.396337179,0.396337179,0.396337179
ES,w29,0.386287396,0.386287396,0.386287396
ES,w30,0.374558849,0.374558849,0.374558849
ES,w31,0.364071248,0.364071248,0.364071248
ES,w32,0.354500706,0.354500706,0.354500706
ES,w33,0.34429091,0.34429091,0.34429091
ES,w34,0.334466747,0.334466747,0.334466747
ES,w35,0.324042574,0.324042574,0.324042574
ES,w36,0.31279127,0.31279127,0.31279127
ES,w37,0.299243554,0.299243554,0.299243554
ES,w38,0.287702964,0.287702964,0.287702964
ES,w39,0.280284962,0.280284962,0.280284962
ES,w40,0.27403933,0.27403933,0.27403933
ES,w41,0.268182286,0.268182286,0.268182286
ES,w42,0.263888185,0.263888185,0.263888185
ES,w43,0.25986472,0.25986472,0.25986472
ES,w44,0.256967929,0.256967929,0.256967929
ES,w45,0.254262336,0.254262336,0.254262336
ES,w46,0.249635802,0.249635802,0.249635802
ES,w47,0.24433139,0.24433139,0.24433139
ES,w48,0.238624819,0.238624819,0.238624819
ES,w49,0.249504046,0.249504046,0.249504046
ES,w50,0.258563301,0.258563301,0.258563301
ES,w51,0.264085747,0.264085747,0.264085747
ES,w52,0.26483704,0.26483704,0.26483704
FI,w1,0,0,0.604149445
FI,w2,0,0,0.58410725
FI,w3,0,0,0.559463532
FI,w4,0,0,0.533531387
FI,w5,0,0,0.504413158
FI,w6,0,0,0.483376389
FI,w7,0,0,0.467694609
FI,w8,0,0,0.447452209
FI,w9,0,0,0.424293895
FI,w10,0,0,0.408327951
FI,w11,0,0,0.387831525
FI,w12,0,0,0.371238052
FI,w13,0,0,0.361508654
FI,w14,0,0,0.359755231
FI,w15,0,0,0.353979377
FI,w16,0,0,0.353599414
FI,w17,0,0,0.374640489
FI,w18,0,0,0.392461035
FI,w19,0,0,0.428491776
FI,w20,0,0,0.531483036
FI,w21,0,0,0.609877939
FI,w22,0,0,0.662943469
FI,w23,0,0,0.689891716
FI,w24,0,0,0.705161242
FI,w25,0,0,0.712928399
FI,w26,0,0,0.707459313
FI,w27,0,0,0.716180143
FI,w28,0,0,0.724367089
FI,w29,0,0,0.720110006
FI,w30,0,0,0.719783863
FI,w31,0,0,0.721276802
FI,w32,0,0,0.716131706
FI,w33,0,0,0.706262378
FI,w34,0,0,0.707472229
FI,w35,0,0,0.702261474
FI,w36,0,0,0.725893395
FI,w37,0,0,0.731738138
FI,w38,0,0,0.724157195
FI,w39,0,0,0.720475975
FI,w40,0,0,0.721457634
FI,w41,0,0,0.72508611
FI,w42,0,0,0.724754585
FI,w43,0,0,0.716281323
FI,w44,0,0,0.726680229
FI,w45,0,0,0.736294454
FI,w46,0,0,0.737305175
FI,w47,0,0,0.736481745
FI,w48,0,0,0.737424653
FI,w49,0,0,0.734688496
FI,w50,0,0,0.731406613
FI,w51,0,0,0.730460475
FI,w52,0,0,0.730379747
FR,w1,0.152431811,0.152431811,0.152431811
FR,w2,0.136173665,0.136173665,0.136173665
FR,w3,0.103205585,0.103205585,0.103205585
FR,w4,0.091003224,0.091003224,0.091003224
FR,w5,0.095210947,0.095210947,0.095210947
FR,w6,0.093295108,0.093295108,0.093295108
FR,w7,0.092670152,0.092670152,0.092670152
FR,w8,0.08489709,0.08489709,0.08489709
FR,w9,0.084602176,0.084602176,0.084602176
FR,w10,0.086202355,0.086202355,0.086202355
FR,w11,0.084630599,0.084630599,0.084630599
FR,w12,0.083475879,0.083475879,0.083475879
FR,w13,0.083151023,0.083151023,0.083151023
FR,w14,0.084738159,0.084738159,0.084738159
FR,w15,0.086217812,0.086217812,0.086217812
FR,w16,0.089511036,0.089511036,0.089511036
FR,w17,0.091472023,0.091472023,0.091472023
FR,w18,0.099298718,0.099298718,0.099298718
FR,w19,0.113509493,0.113509493,0.113509493
FR,w20,0.12997345,0.12997345,0.12997345
FR,w21,0.158660008,0.158660008,0.158660008
FR,w22,0.185047197,0.185047196,0.185047196
FR,w23,0.202497346,0.202497346,0.202497346
FR,w24,0.219855542,0.219855542,0.219855542
FR,w25,0.233393635,0.233393634,0.233393634
FR,w26,0.241815306,0.241815306,0.241815306
FR,w27,0.244307928,0.244307928,0.244307928
FR,w28,0.244749698,0.244749698,0.244749698
FR,w29,0.248455018,0.248455018,0.248455018
FR,w30,0.250655899,0.250655899,0.250655899
FR,w31,0.252294971,0.252294971,0.252294971
FR,w32,0.251944854,0.251944854,0.251944854
FR,w33,0.250122224,0.250122224,0.250122224
FR,w34,0.247300291,0.247300291,0.247300291
FR,w35,0.246019018,0.246019018,0.246019018
FR,w36,0.24280358,0.24280358,0.24280358
FR,w37,0.239722322,0.239722322,0.239722322
FR,w38,0.234186464,0.234186464,0.234186464
FR,w39,0.229377841,0.229377841,0.229377841
FR,w40,0.223320918,0.223320918,0.223320918
FR,w41,0.219244935,0.219244935,0.219244935
FR,w42,0.21661786,0.21661786,0.21661786
FR,w43,0.214250955,0.214250955,0.214250955
FR,w44,0.20706951,0.20706951,0.20706951
FR,w45,0.198177199,0.198177199,0.198177199
FR,w46,0.186166391,0.186166391,0.186166391
FR,w47,0.178010151,0.178010151,0.178010151
FR,w48,0.155692295,0.155692295,0.155692295
FR,w49,0.148853609,0.148853609,0.148853609
FR,w50,0.145456479,0.145456479,0.145456479
FR,w51,0.147397258,0.147397258,0.147397258
FR,w52,0.147823663,0.147823663,0.147823663
GR,w1,0,0,0
GR,w2,0,0,0
GR,w3,0,0,0
GR,w4,0,0,0
GR,w5,0,0,0
GR,w6,0,0,0
GR,w7,0,0,0
GR,w8,0,0,0
GR,w9,0,0,0
GR,w10,0,0,0
GR,w11,0,0,0
GR,w12,0,0,0
GR,w13,0,0,0
GR,w14,0,0,0
GR,w15,0,0,0
GR,w16,0,0,0
GR,w17,0,0,0
GR,w18,0,0,0
GR,w19,0,0,0
GR,w20,0,0,0
GR,w21,0,0,0
GR,w22,0,0,0
GR,w23,0,0,0
GR,w24,0,0,0
GR,w25,0,0,0
GR,w26,0,0,0
GR,w27,0,0,0
GR,w28,0,0,0
GR,w29,0,0,0
GR,w30,0,0,0
GR,w31,0,0,0
GR,w32,0,0,0
GR,w33,0,0,0
GR,w34,0,0,0
GR,w35,0,0,0
GR,w36,0,0,0
GR,w37,0,0,0
GR,w38,0,0.371726066,0.371726066
GR,w39,0,0.364195417,0.364195417
GR,w40,0,0.353120237,0.353120237
GR,w41,0,0.343375174,0.343375174
GR,w42,0,0.335773271,0.335773271
GR,w43,0,0.326794507,0.326794507
GR,w44,0,0.315365786,0.315365787
GR,w45,0,0.318092245,0.318092245
GR,w46,0,0.328054641,0.328054641
GR,w47,0,0.352555821,0.352555821
GR,w48,0,0.425452797,0.425452797
GR,w49,0,0.451494195,0.451494195
GR,w50,0,0.464836797,0.464836797
GR,w51,0,0.481603751,0.481603751
GR,w52,0,0.484202026,0.484202026
HR,w1,0,0.266534683,0.266534683
HR,w2,0,0.252643968,0.252643968
HR,w3,0,0.235647414,0.235647414
HR,w4,0,0.245616773,0.245616773
HR,w5,0,0.284736275,0.284736275
HR,w6,0,0.287399015,0.287399015
HR,w7,0,0.298591089,0.298591089
HR,w8,0,0.341808829,0.341808829
HR,w9,0,0.406130185,0.406130185
HR,w10,0,0.422670001,0.422670001
HR,w11,0,0.421543426,0.421543426
HR,w12,0,0.418845246,0.418845246
HR,w13,0,0.414096721,0.414096721
HR,w14,0,0.405910309,0.405910309
HR,w15,0,0.400249203,0.400249203
HR,w16,0,0.407477992,0.407477992
HR,w17,0,0.417217122,0.417217122
HR,w18,0,0.422918685,0.422918685
HR,w19,0,0.424555316,0.424555316
HR,w20,0,0.422126265,0.422126265
HR,w21,0,0.414730139,0.414730139
HR,w22,0,0.406147285,0.406147285
HR,w23,0,0.397420077,0.397420077
HR,w24,0,0.386825001,0.386825001
HR,w25,0,0.378697184,0.378697184
HR,w26,0,0.366377151,0.366377151
HR,w27,0,0.353144046,0.353144046
HR,w28,0,0.335807888,0.335807888
HR,w29,0,0.291580792,0.291580792
HR,w30,0,0.288590414,0.288590414
HR,w31,0,0.272884168,0.272884168
HR,w32,0,0.256552492,0.256552492
HR,w33,0,0.242076834,0.242076834
HR,w34,0,0.228427824,0.228427824
HR,w35,0,0.216445464,0.216445464
HR,w36,0,0.225181063,0.225181063
HR,w37,0,0.236917738,0.236917738
HR,w38,0,0.236035003,0.236035003
HR,w39,0,0.219561943,0.219561943
HR,w40,0,0.206741629,0.206741629
HR,w41,0,0.197113779,0.197113779
HR,w42,0,0.194343075,0.194343075
HR,w43,0,0.189010905,0.189010905
HR,w44,0,0.202949719,0.202949719
HR,w45,0,0.212012004,0.212012004
HR,w46,0,0.216454345,0.216454345
HR,w47,0,0.246455014,0.246455014
HR,w48,0,0.253095544,0.253095544
HR,w49,0,0.302267078,0.302267078
HR,w50,0,0.317897946,0.317897946
HR,w51,0,0.359390182,0.359390182
HR,w52,0,0.366427672,0.366427672
IT,w1,0.463664876,0.463664876,0.463664876
IT,w2,0.433963042,0.433963042,0.433963042
IT,w3,0.419345717,0.419345717,0.419345717
IT,w4,0.389132697,0.389132697,0.389132697
IT,w5,0.390205329,0.390205329,0.390205329
IT,w6,0.38805079,0.38805079,0.38805079
IT,w7,0.35576053,0.35576053,0.35576053
IT,w8,0.366417685,0.366417685,0.366417685
IT,w9,0.368826757,0.368826757,0.368826757
IT,w10,0.37039588,0.37039588,0.37039588
IT,w11,0.361446919,0.36144692,0.36144692
IT,w12,0.358877564,0.358877564,0.358877564
IT,w13,0.355913575,0.355913575,0.355913575
IT,w14,0.355424573,0.355424573,0.355424573
IT,w15,0.35415764,0.35415764,0.35415764
IT,w16,0.371765733,0.371765733,0.371765733
IT,w17,0.366206763,0.366206763,0.366206763
IT,w18,0.370211327,0.370211327,0.370211327
IT,w19,0.388778248,0.388778248,0.388778248
IT,w20,0.415702764,0.415702764,0.415702764
IT,w21,0.448001861,0.448001861,0.448001861
IT,w22,0.471868986,0.471868986,0.471868986
IT,w23,0.535120802,0.535120802,0.535120802
IT,w24,0.569054921,0.569054921,0.569054921
IT,w25,0.587434432,0.587434432,0.587434432
IT,w26,0.592693394,0.592693394,0.592693394
IT,w27,0.619105752,0.619105752,0.619105752
IT,w28,0.62491212,0.62491212,0.62491212
IT,w29,0.623020726,0.623020726,0.623020726
IT,w30,0.606153037,0.606153037,0.606153037
IT,w31,0.607017946,0.607017946,0.607017946
IT,w32,0.61109243,0.61109243,0.61109243
IT,w33,0.614636872,0.614636872,0.614636872
IT,w34,0.601435689,0.601435689,0.601435689
IT,w35,0.601861118,0.601861118,0.601861118
IT,w36,0.602516283,0.602516283,0.602516283
IT,w37,0.59993895,0.59993895,0.59993895
IT,w38,0.58648886,0.58648886,0.58648886
IT,w39,0.570946909,0.570946909,0.570946909
IT,w40,0.564323455,0.564323455,0.564323455
IT,w41,0.552166309,0.552166309,0.552166309
IT,w42,0.541617927,0.541617927,0.541617927
IT,w43,0.534345248,0.534345248,0.534345248
IT,w44,0.524025765,0.524025765,0.524025765
IT,w45,0.514954965,0.514954965,0.514954965
IT,w46,0.506783993,0.506783993,0.506783993
IT,w47,0.498203007,0.498203007,0.498203007
IT,w48,0.489949027,0.489949027,0.489949027
IT,w49,0.490653779,0.490653779,0.490653779
IT,w50,0.49420778,0.49420778,0.49420778
IT,w51,0.490998387,0.490998387,0.490998387
IT,w52,0.490338951,0.490338951,0.490338951
NO,w1,0,0.579241202,0
NO,w2,0,0.5602288,0
NO,w3,0,0.540783655,0
NO,w4,0,0.51300957,0
NO,w5,0,0.481436686,0
NO,w6,0,0.453041513,0
NO,w7,0,0.43264376,0
NO,w8,0,0.408670321,0
NO,w9,0,0.38045049,0
NO,w10,0,0.360758279,0
NO,w11,0,0.341564581,0
NO,w12,0,0.330312113,0
NO,w13,0,0.325423828,0
NO,w14,0,0.318346097,0
NO,w15,0,0.303110592,0
NO,w16,0,0.28193263,0
NO,w17,0,0.271878948,0
NO,w18,0,0.267169973,0
NO,w19,0,0.320371835,0
NO,w20,0,0.380427426,0
NO,w21,0,0.429486102,0
NO,w22,0,0.504875887,0
NO,w23,0,0.567806755,0
NO,w24,0,0.610699176,0
NO,w25,0,0.63708442,0
NO,w26,0,0.652696478,0
NO,w27,0,0.672055184,0
NO,w28,0,0.688665568,0
NO,w29,0,0.70709254,0
NO,w30,0,0.732036381,0
NO,w31,0,0.749148221,0
NO,w32,0,0.763823959,0
NO,w33,0,0.76655257,0
NO,w34,0,0.763285136,0
NO,w35,0,0.768147825,0
NO,w36,0,0.783673444,0
NO,w37,0,0.784351816,0
NO,w38,0,0.783036547,0
NO,w39,0,0.805432183,0
NO,w40,0,0.809915992,0
NO,w41,0,0.813973765,0
NO,w42,0,0.817847436,0
NO,w43,0,0.816338484,0
NO,w44,0,0.805172798,0
NO,w45,0,0.788104486,0
NO,w46,0,0.773305283,0
NO,w47,0,0.748574356,0
NO,w48,0,0.739405596,0
NO,w49,0,0.712920635,0
NO,w50,0,0.696529463,0
NO,w51,0,0.685157774,0
NO,w52,0,0.683534049,0
PT,w1,0,0.483661915,0.483661915
PT,w2,0,0.466221337,0.466221337
PT,w3,0,0.448596466,0.448596466
PT,w4,0,0.468028615,0.468028615
PT,w5,0,0.536562748,0.536562748
PT,w6,0,0.579443877,0.579443877
PT,w7,0,0.585878047,0.585878047
PT,w8,0,0.588298013,0.588298013
PT,w9,0,0.601232582,0.601232582
PT,w10,0,0.609796706,0.609796706
PT,w11,0,0.609819082,0.609819082
PT,w12,0,0.617442748,0.617442748
PT,w13,0,0.630746538,0.630746538
PT,w14,0,0.63237859,0.63237859
PT,w15,0,0.635647009,0.635647009
PT,w16,0,0.632837922,0.632837922
PT,w17,0,0.635283845,0.635283845
PT,w18,0,0.648258252,0.648258252
PT,w19,0,0.671524105,0.671524105
PT,w20,0,0.676480237,0.676480237
PT,w21,0,0.678333675,0.678333675
PT,w22,0,0.677801369,0.677801369
PT,w23,0,0.666549981,0.666549981
PT,w24,0,0.655867621,0.655867621
PT,w25,0,0.653529604,0.653529604
PT,w26,0,0.645681762,0.645681762
PT,w27,0,0.637214174,0.637214174
PT,w28,0,0.627838689,0.627838689
PT,w29,0,0.60816549,0.60816549
PT,w30,0,0.588018854,0.588018854
PT,w31,0,0.579681631,0.579681631
PT,w32,0,0.567857675,0.567857675
PT,w33,0,0.547409799,0.547409799
PT,w34,0,0.532156614,0.532156614
PT,w35,0,0.516907957,0.516907957
PT,w36,0,0.506455322,0.506455322
PT,w37,0,0.492528986,0.492528986
PT,w38,0,0.486162363,0.486162363
PT,w39,0,0.480058463,0.480058463
PT,w40,0,0.467659955,0.467659955
PT,w41,0,0.458810034,0.458810034
PT,w42,0,0.455557329,0.455557329
PT,w43,0,0.450569385,0.450569385
PT,w44,0,0.441575529,0.441575529
PT,w45,0,0.430424774,0.430424774
PT,w46,0,0.425979364,0.425979364
PT,w47,0,0.425117226,0.425117226
PT,w48,0,0.420394888,0.420394888
PT,w49,0,0.445304073,0.445304073
PT,w50,0,0.448528354,0.448528354
PT,w51,0,0.442242265,0.442242265
PT,w52,0,0.441182199,0.441182199
RO,w1,0,0.554417391,0.554417391
RO,w2,0,0.502550944,0.502550944
RO,w3,0,0.454555943,0.454555943
RO,w4,0,0.422796766,0.422796766
RO,w5,0,0.410638082,0.410638082
RO,w6,0,0.400426312,0.400426312
RO,w7,0,0.396671036,0.396671036
RO,w8,0,0.40862962,0.40862962
RO,w9,0,0.426904815,0.426904815
RO,w10,0,0.435171004,0.435171004
RO,w11,0,0.460356184,0.460356184
RO,w12,0,0.487644147,0.487644147
RO,w13,0,0.49197894,0.49197894
RO,w14,0,0.490012843,0.490012843
RO,w15,0,0.480972631,0.480972631
RO,w16,0,0.523537483,0.523537483
RO,w17,0,0.622307307,0.622307307
RO,w18,0,0.706086403,0.706086403
RO,w19,0,0.766796159,0.766796159
RO,w20,0,0.805093096,0.805093096
RO,w21,0,0.825307478,0.825307478
RO,w22,0,0.845306305,0.845306305
RO,w23,0,0.848343778,0.848343778
RO,w24,0,0.862441382,0.862441382
RO,w25,0,0.846807723,0.846807723
RO,w26,0,0.8509211,0.8509211
RO,w27,0,0.851888562,0.851888562
RO,w28,0,0.830879375,0.830879375
RO,w29,0,0.829654261,0.829654261
RO,w30,0,0.813773074,0.813773074
RO,w31,0,0.826391376,0.826391376
RO,w32,0,0.831724805,0.831724805
RO,w33,0,0.833479878,0.833479878
RO,w34,0,0.822656883,0.822656883
RO,w35,0,0.823011255,0.823011255
RO,w36,0,0.817352762,0.817352763
RO,w37,0,0.810464094,0.810464094
RO,w38,0,0.800148143,0.800148143
RO,w39,0,0.786482713,0.786482713
RO,w40,0,0.770127787,0.770127787
RO,w41,0,0.74717595,0.74717595
RO,w42,0,0.746951869,0.746951869
RO,w43,0,0.74243243,0.74243243
RO,w44,0,0.73037606,0.73037606
RO,w45,0,0.733491868,0.733491868
RO,w46,0,0.716165217,0.716165217
RO,w47,0,0.710657,0.710657
RO,w48,0,0.709145724,0.709145724
RO,w49,0,0.72034494,0.72034494
RO,w50,0,0.720774449,0.720774449
RO,w51,0,0.724616319,0.724616319
RO,w52,0,0.725335721,0.725335721
SE,w1,0,0,0.500366847
SE,w2,0,0,0.476852316
SE,w3,0,0,0.455717365
SE,w4,0,0,0.429860853
SE,w5,0,0,0.396357852
SE,w6,0,0,0.36882072
SE,w7,0,0,0.346321507
SE,w8,0,0,0.320746799
SE,w9,0,0,0.291395127
SE,w10,0,0,0.269587714
SE,w11,0,0,0.248477828
SE,w12,0,0,0.232004641
SE,w13,0,0,0.223583818
SE,w14,0,0,0.217142069
SE,w15,0,0,0.207241327
SE,w16,0,0,0.193769694
SE,w17,0,0,0.197884142
SE,w18,0,0,0.205572703
SE,w19,0,0,0.247716742
SE,w20,0,0,0.322703135
SE,w21,0,0,0.374832242
SE,w22,0,0,0.445622547
SE,w23,0,0,0.533548834
SE,w24,0,0,0.600736916
SE,w25,0,0,0.647669297
SE,w26,0,0,0.675352882
SE,w27,0,0,0.726204919
SE,w28,0,0,0.760947929
SE,w29,0,0,0.779584957
SE,w30,0,0,0.799417235
SE,w31,0,0,0.808114491
SE,w32,0,0,0.819088559
SE,w33,0,0,0.822319101
SE,w34,0,0,0.819839261
SE,w35,0,0,0.81029713
SE,w36,0,0,0.8204641
SE,w37,0,0,0.818319774
SE,w38,0,0,0.807728845
SE,w39,0,0,0.815811288
SE,w40,0,0,0.819804169
SE,w41,0,0,0.825348585
SE,w42,0,0,0.824379279
SE,w43,0,0,0.820135388
SE,w44,0,0,0.810643387
SE,w45,0,0,0.793793506
SE,w46,0,0,0.77444982
SE,w47,0,0,0.752334283
SE,w48,0,0,0.735126507
SE,w49,0,0,0.707307571
SE,w50,0,0,0.686917235
SE,w51,0,0,0.669868265
SE,w52,0,0,0.667375175
SI,w1,0,1,0
SI,w2,0,1,0
SI,w3,0,1,0
SI,w4,0,1,0
SI,w5,0,1,0
SI,w6,0,1,0
SI,w7,0,1,0
SI,w8,0,1,0
SI,w9,0,1,0
SI,w10,0,1,0
SI,w11,0,1,0
SI,w12,0,1,0
SI,w13,0,1,0
SI,w14,0,1,0
SI,w15,0,1,0
SI,w16,0,1,0
SI,w17,0,1,0
SI,w18,0,1,0
SI,w19,0,1,0
SI,w20,0,1,0
SI,w21,0,1,0
SI,w22,0,1,0
SI,w23,0,1,0
SI,w24,0,1,0
SI,w25,0,1,0
SI,w26,0,1,0
SI,w27,0,1,0
SI,w28,0,1,0
SI,w29,0,1,0
SI,w30,0,1,0
SI,w31,0,1,0
SI,w32,0,1,0
SI,w33,0,1,0
SI,w34,0,1,0
SI,w35,0,1,0
SI,w36,0,1,0
SI,w37,0,1,0
SI,w38,0,1,0
SI,w39,0,1,0
SI,w40,0,1,0
SI,w41,0,1,0
SI,w42,0,1,0
SI,w43,0,1,0
SI,w44,0,1,0
SI,w45,0,1,0
SI,w46,0,1,0
SI,w47,0,1,0
SI,w48,0,1,0
SI,w49,0,1,0
SI,w50,0,1,0
SI,w51,0,1,0
SI,w52,0,1,0